0,0,0,0,0,0
7.3492e-09,-1.1977e-06,-4.0921e-09,0.00039512,2.7668e-06,-2.3761e-06
6.8246e-08,-4.6719e-06,-7.7783e-09,0.001549,2.1196e-05,-9.0434e-06
1.3213e-07,-1.0292e-05,-2.0761e-08,0.0034304,4.1915e-05,-2.0096e-05
2.4317e-07,-1.7985e-05,-3.3494e-08,0.0060148,7.6492e-05,-3.509e-05
3.5907e-07,-2.767e-05,-5.4348e-08,0.009277,0.00011375,-5.4118e-05
5.1644e-07,-3.9277e-05,-7.5414e-08,0.013194,0.00016328,-7.6768e-05
6.7998e-07,-5.2731e-05,-1.037e-07,0.01774,0.00021575,-0.0001031
8.8003e-07,-6.7963e-05,-1.3267e-07,0.022895,0.00027909,-0.00013273
1.0871e-06,-8.4901e-05,-1.6825e-07,0.028634,0.00034552,-0.00016568
1.3263e-06,-0.00010348,-2.0507e-07,0.034936,0.00042159,-0.00020161
1.5731e-06,-0.00012363,-2.4815e-07,0.041779,0.00050079,-0.00024052
1.8481e-06,-0.00014529,-2.9315e-07,0.049142,0.00058856,-0.00028208
2.1309e-06,-0.0001684,-3.4433e-07,0.057004,0.00067945,-0.00032628
2.4386e-06,-0.00019289,-3.9864e-07,0.065346,0.00077794,-0.0003728
2.754e-06,-0.0002187,-4.6109e-07,0.074149,0.00087948,-0.00042157
3.0914e-06,-0.00024578,-5.304e-07,0.083392,0.00098778,-0.0004723
3.4364e-06,-0.00027407,-6.1136e-07,0.093058,0.001099,-0.00052488
3.8006e-06,-0.00030352,-7.0345e-07,0.10313,0.0012163,-0.00057904
4.1721e-06,-0.00033406,-8.1119e-07,0.11359,0.0013363,-0.00063466
4.5605e-06,-0.00036566,-9.3468e-07,0.12441,0.0014617,-0.00069148
4.9558e-06,-0.00039825,-1.0782e-06,0.13559,0.0015897,-0.0007494
5.366e-06,-0.00043179,-1.2422e-06,0.14711,0.0017224,-0.00080814
5.7825e-06,-0.00046622,-1.4309e-06,0.15895,0.0018576,-0.00086761
6.212e-06,-0.00050151,-1.6451e-06,0.17109,0.001997,-0.00092756
6.6473e-06,-0.0005376,-1.8885e-06,0.18352,0.0021386,-0.00098788
7.0939e-06,-0.00057445,-2.1625e-06,0.19623,0.0022839,-0.0010484
7.5459e-06,-0.00061202,-2.4705e-06,0.20919,0.0024312,-0.0011089
8.0075e-06,-0.00065025,-2.814e-06,0.2224,0.0025818,-0.0011692
8.474e-06,-0.00068912,-3.1962e-06,0.23585,0.0027343,-0.0012292
8.9488e-06,-0.00072858,-3.6186e-06,0.24951,0.0028895,-0.0012888
9.4278e-06,-0.00076858,-4.0842e-06,0.26337,0.0030465,-0.0013478
9.914e-06,-0.0008091,-4.5948e-06,0.27743,0.0032059,-0.0014061
1.0404e-05,-0.0008501,-5.153e-06,0.29167,0.0033667,-0.0014635
1.09e-05,-0.00089153,-5.7604e-06,0.30607,0.0035297,-0.0015199
1.1399e-05,-0.00093336,-6.4196e-06,0.32063,0.003694,-0.0015752
1.1903e-05,-0.00097556,-7.1322e-06,0.33534,0.00386,-0.0016292
1.241e-05,-0.0010181,-7.9005e-06,0.35017,0.0040272,-0.0016819
1.292e-05,-0.0010609,-8.7259e-06,0.36513,0.0041958,-0.0017331
1.3433e-05,-0.0011041,-9.6106e-06,0.3802,0.0043654,-0.0017828
1.395e-05,-0.0011474,-1.0556e-05,0.39537,0.0045362,-0.0018309
1.4468e-05,-0.001191,-1.1564e-05,0.41064,0.0047078,-0.0018771
1.4988e-05,-0.0012347,-1.2635e-05,0.42598,0.0048804,-0.0019216
1.551e-05,-0.0012786,-1.3772e-05,0.44139,0.0050536,-0.0019641
1.6034e-05,-0.0013227,-1.4976e-05,0.45687,0.0052275,-0.0020047
1.6558e-05,-0.0013668,-1.6248e-05,0.4724,0.0054019,-0.0020432
1.7084e-05,-0.001411,-1.7588e-05,0.48797,0.0055769,-0.0020796
1.7611e-05,-0.0014553,-1.8999e-05,0.50358,0.0057522,-0.0021138
1.8138e-05,-0.0014996,-2.048e-05,0.51922,0.0059279,-0.0021457
1.8665e-05,-0.0015439,-2.2034e-05,0.53488,0.0061037,-0.0021754
1.9193e-05,-0.0015882,-2.366e-05,0.55055,0.0062798,-0.0022027
1.972e-05,-0.0016325,-2.536e-05,0.56622,0.0064558,-0.0022277
2.0247e-05,-0.0016767,-2.7133e-05,0.5819,0.006632,-0.0022502
2.0774e-05,-0.0017208,-2.8981e-05,0.59756,0.006808,-0.0022703
2.13e-05,-0.0017649,-3.0904e-05,0.61321,0.006984,-0.0022879
2.1825e-05,-0.0018088,-3.2902e-05,0.62883,0.0071597,-0.0023029
2.235e-05,-0.0018526,-3.4976e-05,0.64443,0.0073352,-0.0023155
2.2873e-05,-0.0018962,-3.7125e-05,0.65999,0.0075104,-0.0023255
2.3396e-05,-0.0019397,-3.935e-05,0.67551,0.0076852,-0.0023329
2.3917e-05,-0.001983,-4.165e-05,0.69098,0.0078596,-0.0023377
2.4436e-05,-0.0020262,-4.4027e-05,0.7064,0.0080336,-0.0023399
2.4954e-05,-0.0020691,-4.6479e-05,0.72176,0.0082069,-0.0023396
2.547e-05,-0.0021117,-4.9006e-05,0.73706,0.0083798,-0.0023366
2.5985e-05,-0.0021542,-5.1608e-05,0.7523,0.008552,-0.002331
2.6497e-05,-0.0021964,-5.4285e-05,0.76746,0.0087236,-0.0023229
2.7008e-05,-0.0022383,-5.7037e-05,0.78254,0.0088944,-0.0023121
2.7516e-05,-0.00228,-5.9862e-05,0.79754,0.0090645,-0.0022988
2.8023e-05,-0.0023213,-6.276e-05,0.81246,0.0092338,-0.0022829
2.8527e-05,-0.0023624,-6.5731e-05,0.82729,0.0094023,-0.0022644
2.9028e-05,-0.0024032,-6.8774e-05,0.84202,0.0095699,-0.0022433
2.9528e-05,-0.0024436,-7.1889e-05,0.85666,0.0097366,-0.0022198
3.0024e-05,-0.0024837,-7.5074e-05,0.87119,0.0099023,-0.0021937
3.0519e-05,-0.0025235,-7.833e-05,0.88563,0.010067,-0.0021651
3.101e-05,-0.002563,-8.1654e-05,0.89995,0.010231,-0.002134
3.1499e-05,-0.0026021,-8.5047e-05,0.91417,0.010394,-0.0021005
3.1985e-05,-0.0026408,-8.8506e-05,0.92827,0.010555,-0.0020645
3.2468e-05,-0.0026792,-9.2033e-05,0.94225,0.010716,-0.0020262
3.2949e-05,-0.0027172,-9.5624e-05,0.95612,0.010875,-0.0019854
3.3426e-05,-0.0027548,-9.9281e-05,0.96987,0.011033,-0.0019424
3.3901e-05,-0.002792,-0.000103,0.98349,0.011191,-0.001897
3.4372e-05,-0.0028288,-0.00010678,0.99698,0.011346,-0.0018493
3.4841e-05,-0.0028653,-0.00011063,1.0104,0.011501,-0.0017993
3.5306e-05,-0.0029013,-0.00011453,1.0236,0.011655,-0.0017471
3.5768e-05,-0.0029369,-0.00011849,1.0367,0.011807,-0.0016927
3.6227e-05,-0.0029721,-0.00012251,1.0497,0.011958,-0.0016362
3.6683e-05,-0.0030069,-0.00012659,1.0625,0.012107,-0.0015775
3.7135e-05,-0.0030413,-0.00013072,1.0752,0.012255,-0.0015168
3.7584e-05,-0.0030752,-0.00013491,1.0878,0.012402,-0.0014539
3.803e-05,-0.0031088,-0.00013915,1.1002,0.012548,-0.0013891
3.8473e-05,-0.0031418,-0.00014345,1.1125,0.012692,-0.0013223
3.8912e-05,-0.0031745,-0.00014779,1.1246,0.012835,-0.0012535
3.9348e-05,-0.0032067,-0.00015219,1.1366,0.012976,-0.0011828
3.978e-05,-0.0032385,-0.00015663,1.1484,0.013116,-0.0011102
4.0209e-05,-0.0032698,-0.00016112,1.1601,0.013255,-0.0010357
4.0634e-05,-0.0033007,-0.00016566,1.1717,0.013392,-0.00095947
4.1056e-05,-0.0033312,-0.00017024,1.1831,0.013527,-0.00088144
4.1475e-05,-0.0033612,-0.00017487,1.1944,0.013661,-0.00080168
4.189e-05,-0.0033907,-0.00017954,1.2055,0.013794,-0.00072022
4.2301e-05,-0.0034198,-0.00018425,1.2164,0.013926,-0.00063708
4.2709e-05,-0.0034485,-0.00018901,1.2273,0.014055,-0.00055232
4.3113e-05,-0.0034767,-0.0001938,1.2379,0.014184,-0.00046596
4.3514e-05,-0.0035045,-0.00019863,1.2485,0.01431,-0.00037804
4.3911e-05,-0.0035318,-0.0002035,1.2588,0.014436,-0.00028859
4.4305e-05,-0.0035587,-0.00020841,1.2691,0.01456,-0.00019766
4.4695e-05,-0.0035851,-0.00021335,1.2791,0.014682,-0.00010526
4.5082e-05,-0.003611,-0.00021832,1.289,0.014803,-1.1443e-05
4.5465e-05,-0.0036366,-0.00022333,1.2988,0.014922,8.3765e-05
4.5844e-05,-0.0036617,-0.00022837,1.3084,0.01504,0.00018033
4.622e-05,-0.0036863,-0.00023344,1.3179,0.015156,0.00027822
4.6592e-05,-0.0037105,-0.00023855,1.3273,0.015271,0.0003774
4.6961e-05,-0.0037342,-0.00024368,1.3364,0.015384,0.00047783
4.7326e-05,-0.0037575,-0.00024884,1.3455,0.015496,0.0005795
4.7688e-05,-0.0037804,-0.00025402,1.3544,0.015607,0.00068236
4.8046e-05,-0.0038029,-0.00025924,1.3631,0.015715,0.00078639
4.8401e-05,-0.0038249,-0.00026448,1.3717,0.015823,0.00089156
4.8752e-05,-0.0038464,-0.00026974,1.3801,0.015928,0.00099783
4.91e-05,-0.0038676,-0.00027503,1.3884,0.016033,0.0011052
4.9444e-05,-0.0038883,-0.00028034,1.3966,0.016136,0.0012136
4.9785e-05,-0.0039085,-0.00028567,1.4046,0.016237,0.001323
5.0122e-05,-0.0039284,-0.00029102,1.4125,0.016337,0.0014334
5.0456e-05,-0.0039478,-0.0002964,1.4202,0.016436,0.0015448
5.0786e-05,-0.0039669,-0.0003018,1.4278,0.016533,0.0016572
5.1113e-05,-0.0039855,-0.00030721,1.4353,0.016628,0.0017705
5.1437e-05,-0.0040037,-0.00031265,1.4426,0.016722,0.0018847
5.1757e-05,-0.0040215,-0.0003181,1.4498,0.016815,0.0019999
5.2074e-05,-0.0040388,-0.00032358,1.4568,0.016906,0.0021159
5.2388e-05,-0.0040558,-0.00032907,1.4637,0.016996,0.0022329
5.2698e-05,-0.0040724,-0.00033458,1.4705,0.017085,0.0023506
5.3005e-05,-0.0040886,-0.00034011,1.4771,0.017172,0.0024693
5.3309e-05,-0.0041044,-0.00034565,1.4837,0.017257,0.0025888
5.361e-05,-0.0041198,-0.00035121,1.49,0.017342,0.002709
5.3908e-05,-0.0041349,-0.00035679,1.4963,0.017425,0.0028301
5.4203e-05,-0.0041495,-0.00036238,1.5024,0.017507,0.002952
5.4494e-05,-0.0041638,-0.00036799,1.5084,0.017587,0.0030746
5.4783e-05,-0.0041777,-0.00037361,1.5143,0.017666,0.003198
5.5068e-05,-0.0041913,-0.00037925,1.52,0.017744,0.0033222
5.5351e-05,-0.0042045,-0.0003849,1.5257,0.01782,0.003447
5.563e-05,-0.0042173,-0.00039056,1.5312,0.017895,0.0035726
5.5907e-05,-0.0042298,-0.00039624,1.5366,0.017969,0.0036989
5.6181e-05,-0.0042419,-0.00040193,1.5418,0.018042,0.0038259
5.6452e-05,-0.0042537,-0.00040763,1.547,0.018113,0.0039535
5.672e-05,-0.0042652,-0.00041335,1.552,0.018184,0.0040818
5.6986e-05,-0.0042763,-0.00041907,1.5569,0.018253,0.0042107
5.7248e-05,-0.004287,-0.00042481,1.5617,0.01832,0.0043403
5.7509e-05,-0.0042975,-0.00043056,1.5664,0.018387,0.0044705
5.7766e-05,-0.0043076,-0.00043632,1.571,0.018453,0.0046013
5.8021e-05,-0.0043174,-0.00044208,1.5755,0.018517,0.0047327
5.8273e-05,-0.0043269,-0.00044786,1.5799,0.01858,0.0048647
5.8523e-05,-0.0043361,-0.00045365,1.5842,0.018642,0.0049972
5.877e-05,-0.004345,-0.00045944,1.5883,0.018703,0.0051304
5.9015e-05,-0.0043535,-0.00046525,1.5924,0.018763,0.005264
5.9257e-05,-0.0043618,-0.00047106,1.5963,0.018822,0.0053982
5.9497e-05,-0.0043698,-0.00047688,1.6002,0.01888,0.0055329
5.9735e-05,-0.0043775,-0.0004827,1.604,0.018937,0.0056681
5.997e-05,-0.0043849,-0.00048854,1.6076,0.018992,0.0058039
6.0203e-05,-0.004392,-0.00049438,1.6112,0.019047,0.0059401
6.0434e-05,-0.0043989,-0.00050023,1.6147,0.019101,0.0060768
6.0663e-05,-0.0044055,-0.00050608,1.6181,0.019153,0.006214
6.089e-05,-0.0044118,-0.00051194,1.6214,0.019205,0.0063516
6.1114e-05,-0.0044178,-0.00051781,1.6246,0.019256,0.0064897
6.1337e-05,-0.0044236,-0.00052368,1.6277,0.019306,0.0066282
6.1557e-05,-0.0044291,-0.00052955,1.6307,0.019355,0.0067672
6.1775e-05,-0.0044344,-0.00053543,1.6336,0.019403,0.0069066
6.1992e-05,-0.0044395,-0.00054132,1.6365,0.01945,0.0070463
6.2207e-05,-0.0044443,-0.00054721,1.6393,0.019497,0.0071865
6.2419e-05,-0.0044488,-0.0005531,1.642,0.019542,0.0073271
6.263e-05,-0.0044531,-0.00055899,1.6446,0.019587,0.0074681
6.2839e-05,-0.0044572,-0.00056489,1.6471,0.019631,0.0076094
6.3047e-05,-0.0044611,-0.0005708,1.6496,0.019674,0.0077511
6.3253e-05,-0.0044648,-0.0005767,1.652,0.019716,0.0078931
6.3457e-05,-0.0044682,-0.00058261,1.6543,0.019757,0.0080355
6.3659e-05,-0.0044714,-0.00058852,1.6565,0.019798,0.0081783
6.386e-05,-0.0044744,-0.00059443,1.6587,0.019838,0.0083214
6.4059e-05,-0.0044772,-0.00060034,1.6608,0.019877,0.0084648
6.4257e-05,-0.0044798,-0.00060626,1.6628,0.019916,0.0086085
6.4453e-05,-0.0044822,-0.00061218,1.6647,0.019953,0.0087525
6.4648e-05,-0.0044844,-0.00061809,1.6666,0.019991,0.0088968
6.4842e-05,-0.0044864,-0.00062401,1.6685,0.020027,0.0090414
6.5034e-05,-0.0044883,-0.00062993,1.6702,0.020063,0.0091863
6.5225e-05,-0.0044899,-0.00063585,1.6719,0.020098,0.0093315
6.5414e-05,-0.0044914,-0.00064177,1.6735,0.020132,0.0094769
6.5602e-05,-0.0044927,-0.00064769,1.6751,0.020166,0.0096226
6.5789e-05,-0.0044938,-0.00065361,1.6766,0.020199,0.0097685
6.5975e-05,-0.0044948,-0.00065953,1.6781,0.020232,0.0099147
6.616e-05,-0.0044956,-0.00066545,1.6795,0.020264,0.010061
6.6344e-05,-0.0044962,-0.00067137,1.6809,0.020296,0.010208
6.6526e-05,-0.0044967,-0.00067729,1.6822,0.020327,0.010355
6.6708e-05,-0.004497,-0.00068321,1.6834,0.020357,0.010502
6.6888e-05,-0.0044971,-0.00068912,1.6846,0.020387,0.010649
6.7068e-05,-0.0044972,-0.00069504,1.6857,0.020417,0.010797
6.7246e-05,-0.004497,-0.00070095,1.6868,0.020446,0.010944
6.7424e-05,-0.0044968,-0.00070687,1.6879,0.020474,0.011092
6.7601e-05,-0.0044964,-0.00071278,1.6888,0.020502,0.011241
6.7777e-05,-0.0044959,-0.00071868,1.6898,0.020529,0.011389
6.7952e-05,-0.0044952,-0.00072459,1.6907,0.020556,0.011537
6.8126e-05,-0.0044944,-0.00073049,1.6916,0.020583,0.011686
6.83e-05,-0.0044935,-0.0007364,1.6924,0.020609,0.011835
6.8473e-05,-0.0044925,-0.0007423,1.6931,0.020635,0.011984
6.8645e-05,-0.0044913,-0.00074819,1.6939,0.02066,0.012133
6.8817e-05,-0.00449,-0.00075409,1.6946,0.020685,0.012282
6.8988e-05,-0.0044887,-0.00075998,1.6952,0.02071,0.012432
6.9158e-05,-0.0044872,-0.00076587,1.6958,0.020734,0.012581
6.9328e-05,-0.0044856,-0.00077175,1.6964,0.020758,0.012731
6.9497e-05,-0.0044839,-0.00077763,1.697,0.020782,0.012881
6.9666e-05,-0.0044821,-0.00078351,1.6975,0.020805,0.013031
6.9834e-05,-0.0044802,-0.00078939,1.6979,0.020828,0.013181
7.0002e-05,-0.0044782,-0.00079526,1.6984,0.020851,0.013331
7.0169e-05,-0.0044761,-0.00080113,1.6988,0.020873,0.013481
7.0336e-05,-0.0044739,-0.00080699,1.6992,0.020895,0.013632
7.0502e-05,-0.0044716,-0.00081285,1.6995,0.020917,0.013782
7.0668e-05,-0.0044693,-0.00081871,1.6998,0.020938,0.013933
7.0834e-05,-0.0044669,-0.00082456,1.7001,0.020959,0.014084
7.1e-05,-0.0044643,-0.00083041,1.7004,0.02098,0.014234
7.1165e-05,-0.0044618,-0.00083626,1.7006,0.021001,0.014385
7.133e-05,-0.0044591,-0.0008421,1.7008,0.021021,0.014536
7.1495e-05,-0.0044563,-0.00084794,1.701,0.021041,0.014687
7.1659e-05,-0.0044535,-0.00085377,1.7011,0.021061,0.014838
7.1823e-05,-0.0044507,-0.0008596,1.7013,0.021081,0.014989
7.1988e-05,-0.0044477,-0.00086542,1.7014,0.021101,0.015141
7.2152e-05,-0.0044447,-0.00087124,1.7015,0.02112,0.015292
7.2315e-05,-0.0044416,-0.00087705,1.7015,0.021139,0.015443
7.2479e-05,-0.0044385,-0.00088286,1.7016,0.021158,0.015595
7.2643e-05,-0.0044353,-0.00088867,1.7016,0.021177,0.015746
7.2807e-05,-0.0044321,-0.00089447,1.7016,0.021196,0.015898
7.297e-05,-0.0044288,-0.00090026,1.7016,0.021215,0.016049
7.3134e-05,-0.0044254,-0.00090606,1.7015,0.021233,0.016201
7.3297e-05,-0.004422,-0.00091184,1.7015,0.021251,0.016352
7.3461e-05,-0.0044186,-0.00091762,1.7014,0.021269,0.016504
7.3624e-05,-0.0044151,-0.0009234,1.7013,0.021287,0.016656
7.3788e-05,-0.0044115,-0.00092917,1.7012,0.021305,0.016807
7.3952e-05,-0.0044079,-0.00093493,1.7011,0.021323,0.016959
7.4115e-05,-0.0044043,-0.0009407,1.7009,0.021341,0.017111
7.4279e-05,-0.0044006,-0.00094645,1.7008,0.021358,0.017262
7.4443e-05,-0.0043969,-0.0009522,1.7006,0.021376,0.017414
7.4607e-05,-0.0043932,-0.00095795,1.7004,0.021393,0.017566
7.4772e-05,-0.0043894,-0.00096369,1.7003,0.02141,0.017718
7.4936e-05,-0.0043856,-0.00096942,1.7001,0.021428,0.017869
7.5101e-05,-0.0043818,-0.00097515,1.6998,0.021445,0.018021
7.5265e-05,-0.0043779,-0.00098087,1.6996,0.021462,0.018173
7.543e-05,-0.004374,-0.00098659,1.6994,0.021479,0.018325
7.5596e-05,-0.0043701,-0.00099231,1.6991,0.021496,0.018477
7.5761e-05,-0.0043661,-0.00099801,1.6989,0.021513,0.018628
7.5927e-05,-0.0043621,-0.0010037,1.6986,0.02153,0.01878
7.6093e-05,-0.0043581,-0.0010094,1.6983,0.021547,0.018932
7.6259e-05,-0.0043541,-0.0010151,1.698,0.021564,0.019084
7.6425e-05,-0.0043501,-0.0010208,1.6977,0.021581,0.019235
7.6592e-05,-0.004346,-0.0010265,1.6974,0.021597,0.019387
7.6759e-05,-0.0043419,-0.0010321,1.6971,0.021614,0.019539
7.6927e-05,-0.0043378,-0.0010378,1.6968,0.021631,0.01969
7.7094e-05,-0.0043337,-0.0010435,1.6965,0.021648,0.019842
7.7263e-05,-0.0043296,-0.0010491,1.6962,0.021665,0.019994
7.7431e-05,-0.0043254,-0.0010548,1.6958,0.021681,0.020145
7.76e-05,-0.0043213,-0.0010604,1.6955,0.021698,0.020297
7.7769e-05,-0.0043171,-0.0010661,1.6952,0.021715,0.020448
7.7939e-05,-0.0043129,-0.0010717,1.6948,0.021732,0.0206
7.8108e-05,-0.0043087,-0.0010773,1.6945,0.021748,0.020751
7.8279e-05,-0.0043045,-0.001083,1.6941,0.021765,0.020902
7.845e-05,-0.0043003,-0.0010886,1.6938,0.021782,0.021054
7.8621e-05,-0.0042961,-0.0010942,1.6934,0.021799,0.021205
7.8792e-05,-0.0042919,-0.0010998,1.693,0.021816,0.021356
7.8964e-05,-0.0042877,-0.0011054,1.6927,0.021833,0.021508
7.9137e-05,-0.0042834,-0.001111,1.6923,0.02185,0.021659
7.931e-05,-0.0042792,-0.0011166,1.6919,0.021867,0.02181
7.9483e-05,-0.004275,-0.0011222,1.6915,0.021884,0.021961
7.9657e-05,-0.0042707,-0.0011278,1.6912,0.021901,0.022112
7.9831e-05,-0.0042665,-0.0011333,1.6908,0.021918,0.022263
8.0006e-05,-0.0042622,-0.0011389,1.6904,0.021935,0.022414
8.0181e-05,-0.004258,-0.0011445,1.69,0.021952,0.022565
8.0357e-05,-0.0042537,-0.00115,1.6896,0.021969,0.022716
8.0533e-05,-0.0042495,-0.0011556,1.6893,0.021987,0.022866
8.071e-05,-0.0042453,-0.0011611,1.6889,0.022004,0.023017
8.0887e-05,-0.004241,-0.0011667,1.6885,0.022022,0.023168
8.1065e-05,-0.0042368,-0.0011722,1.6881,0.022039,0.023318
8.1243e-05,-0.0042325,-0.0011777,1.6877,0.022057,0.023469
8.1422e-05,-0.0042283,-0.0011833,1.6873,0.022074,0.023619
8.1602e-05,-0.0042241,-0.0011888,1.687,0.022092,0.02377
8.1781e-05,-0.0042199,-0.0011943,1.6866,0.02211,0.02392
8.1962e-05,-0.0042157,-0.0011998,1.6862,0.022128,0.02407
8.2143e-05,-0.0042114,-0.0012053,1.6858,0.022145,0.02422
8.2324e-05,-0.0042072,-0.0012108,1.6854,0.022163,0.024371
8.2506e-05,-0.004203,-0.0012163,1.6851,0.022181,0.024521
8.2689e-05,-0.0041989,-0.0012218,1.6847,0.0222,0.024671
8.2872e-05,-0.0041947,-0.0012272,1.6843,0.022218,0.02482
8.3056e-05,-0.0041905,-0.0012327,1.6839,0.022236,0.02497
8.324e-05,-0.0041863,-0.0012382,1.6836,0.022254,0.02512
8.3425e-05,-0.0041822,-0.0012436,1.6832,0.022273,0.02527
8.361e-05,-0.004178,-0.0012491,1.6828,0.022291,0.025419
8.3796e-05,-0.0041739,-0.0012546,1.6825,0.02231,0.025569
8.3982e-05,-0.0041698,-0.00126,1.6821,0.022329,0.025719
8.417e-05,-0.0041656,-0.0012654,1.6817,0.022347,0.025868
8.4357e-05,-0.0041615,-0.0012709,1.6814,0.022366,0.026017
8.4545e-05,-0.0041574,-0.0012763,1.681,0.022385,0.026167
8.4734e-05,-0.0041533,-0.0012817,1.6807,0.022404,0.026316
8.4924e-05,-0.0041493,-0.0012872,1.6803,0.022423,0.026465
8.5114e-05,-0.0041452,-0.0012926,1.68,0.022443,0.026614
8.5304e-05,-0.0041411,-0.001298,1.6796,0.022462,0.026763
8.5495e-05,-0.0041371,-0.0013034,1.6793,0.022481,0.026912
8.5687e-05,-0.0041331,-0.0013088,1.679,0.022501,0.02706
8.5879e-05,-0.0041291,-0.0013142,1.6786,0.02252,0.027209
8.6072e-05,-0.004125,-0.0013196,1.6783,0.02254,0.027358
8.6266e-05,-0.004121,-0.001325,1.678,0.02256,0.027506
8.646e-05,-0.0041171,-0.0013303,1.6776,0.02258,0.027655
8.6655e-05,-0.0041131,-0.0013357,1.6773,0.0226,0.027803
8.685e-05,-0.0041091,-0.0013411,1.677,0.02262,0.027952
8.7046e-05,-0.0041052,-0.0013464,1.6767,0.02264,0.0281
8.7242e-05,-0.0041013,-0.0013518,1.6764,0.02266,0.028248
8.7439e-05,-0.0040973,-0.0013571,1.6761,0.02268,0.028396
8.7637e-05,-0.0040934,-0.0013625,1.6758,0.022701,0.028544
8.7835e-05,-0.0040895,-0.0013678,1.6755,0.022721,0.028692
8.8034e-05,-0.0040856,-0.0013732,1.6752,0.022742,0.02884
8.8233e-05,-0.0040818,-0.0013785,1.6749,0.022763,0.028988
8.8433e-05,-0.0040779,-0.0013838,1.6746,0.022783,0.029135
8.8634e-05,-0.0040741,-0.0013892,1.6743,0.022804,0.029283
8.8835e-05,-0.0040703,-0.0013945,1.674,0.022825,0.02943
8.9037e-05,-0.0040664,-0.0013998,1.6737,0.022846,0.029578
8.9239e-05,-0.0040626,-0.0014051,1.6735,0.022868,0.029725
8.9442e-05,-0.0040589,-0.0014104,1.6732,0.022889,0.029872
8.9646e-05,-0.0040551,-0.0014157,1.6729,0.02291,0.030019
8.985e-05,-0.0040513,-0.001421,1.6727,0.022932,0.030166
9.0055e-05,-0.0040476,-0.0014263,1.6724,0.022953,0.030313
9.026e-05,-0.0040438,-0.0014315,1.6722,0.022975,0.03046
9.0466e-05,-0.0040401,-0.0014368,1.6719,0.022997,0.030607
9.0673e-05,-0.0040364,-0.0014421,1.6717,0.023019,0.030754
9.088e-05,-0.0040327,-0.0014474,1.6714,0.023041,0.030901
9.1088e-05,-0.004029,-0.0014526,1.6712,0.023063,0.031047
9.1296e-05,-0.0040254,-0.0014579,1.6709,0.023085,0.031194
9.1505e-05,-0.0040217,-0.0014631,1.6707,0.023107,0.03134
9.1714e-05,-0.0040181,-0.0014684,1.6705,0.023129,0.031486
9.1924e-05,-0.0040144,-0.0014736,1.6703,0.023152,0.031633
9.2135e-05,-0.0040108,-0.0014789,1.67,0.023174,0.031779
9.2346e-05,-0.0040072,-0.0014841,1.6698,0.023197,0.031925
9.2558e-05,-0.0040036,-0.0014893,1.6696,0.02322,0.032071
9.277e-05,-0.0040001,-0.0014946,1.6694,0.023242,0.032217
9.2983e-05,-0.0039965,-0.0014998,1.6692,0.023265,0.032363
9.3197e-05,-0.003993,-0.001505,1.669,0.023288,0.032508
9.3411e-05,-0.0039894,-0.0015102,1.6688,0.023311,0.032654
9.3625e-05,-0.0039859,-0.0015154,1.6686,0.023334,0.0328
9.3841e-05,-0.0039824,-0.0015206,1.6684,0.023358,0.032945
9.4057e-05,-0.0039789,-0.0015258,1.6682,0.023381,0.03309
9.4273e-05,-0.0039754,-0.001531,1.668,0.023404,0.033236
9.449e-05,-0.0039719,-0.0015362,1.6678,0.023428,0.033381
9.4707e-05,-0.0039685,-0.0015414,1.6676,0.023452,0.033526
9.4925e-05,-0.003965,-0.0015465,1.6675,0.023475,0.033671
9.5144e-05,-0.0039616,-0.0015517,1.6673,0.023499,0.033816
9.5363e-05,-0.0039582,-0.0015569,1.6671,0.023523,0.033961
9.5583e-05,-0.0039548,-0.001562,1.667,0.023547,0.034106
9.5803e-05,-0.0039514,-0.0015672,1.6668,0.023571,0.034251
9.6024e-05,-0.003948,-0.0015724,1.6666,0.023595,0.034395
9.6246e-05,-0.0039446,-0.0015775,1.6665,0.023619,0.03454
9.6468e-05,-0.0039412,-0.0015826,1.6663,0.023644,0.034684
9.669e-05,-0.0039379,-0.0015878,1.6662,0.023668,0.034829
9.6913e-05,-0.0039345,-0.0015929,1.666,0.023692,0.034973
9.7137e-05,-0.0039312,-0.0015981,1.6659,0.023717,0.035117
9.7361e-05,-0.0039279,-0.0016032,1.6658,0.023742,0.035262
9.7586e-05,-0.0039246,-0.0016083,1.6656,0.023766,0.035406
9.7811e-05,-0.0039213,-0.0016134,1.6655,0.023791,0.03555
9.8037e-05,-0.003918,-0.0016185,1.6654,0.023816,0.035694
9.8263e-05,-0.0039147,-0.0016237,1.6652,0.023841,0.035837
9.849e-05,-0.0039115,-0.0016288,1.6651,0.023866,0.035981
9.8717e-05,-0.0039082,-0.0016339,1.665,0.023891,0.036125
9.8945e-05,-0.003905,-0.001639,1.6649,0.023916,0.036268
9.9173e-05,-0.0039017,-0.0016441,1.6648,0.023942,0.036412
9.9402e-05,-0.0038985,-0.0016491,1.6646,0.023967,0.036555
9.9632e-05,-0.0038953,-0.0016542,1.6645,0.023992,0.036699
9.9862e-05,-0.0038921,-0.0016593,1.6644,0.024018,0.036842
0.00010009,-0.0038889,-0.0016644,1.6643,0.024043,0.036985
0.00010032,-0.0038857,-0.0016695,1.6642,0.024069,0.037128
0.00010056,-0.0038826,-0.0016745,1.6641,0.024095,0.037271
0.00010079,-0.0038794,-0.0016796,1.664,0.024121,0.037414
0.00010102,-0.0038762,-0.0016846,1.6639,0.024146,0.037557
0.00010125,-0.0038731,-0.0016897,1.6638,0.024172,0.0377
0.00010149,-0.00387,-0.0016947,1.6637,0.024198,0.037843
0.00010172,-0.0038668,-0.0016998,1.6636,0.024225,0.037986
0.00010196,-0.0038637,-0.0017048,1.6636,0.024251,0.038128
0.00010219,-0.0038606,-0.0017099,1.6635,0.024277,0.038271
0.00010243,-0.0038575,-0.0017149,1.6634,0.024303,0.038413
0.00010266,-0.0038544,-0.0017199,1.6633,0.02433,0.038555
0.0001029,-0.0038513,-0.001725,1.6632,0.024356,0.038698
0.00010314,-0.0038482,-0.00173,1.6632,0.024383,0.03884
0.00010337,-0.0038452,-0.001735,1.6631,0.024409,0.038982
0.00010361,-0.0038421,-0.00174,1.663,0.024436,0.039124
0.00010385,-0.0038391,-0.001745,1.663,0.024463,0.039266
0.00010409,-0.003836,-0.00175,1.6629,0.02449,0.039408
0.00010433,-0.003833,-0.001755,1.6628,0.024516,0.03955
0.00010457,-0.00383,-0.00176,1.6628,0.024543,0.039692
0.00010481,-0.0038269,-0.001765,1.6627,0.02457,0.039833
0.00010505,-0.0038239,-0.00177,1.6626,0.024598,0.039975
0.00010529,-0.0038209,-0.001775,1.6626,0.024625,0.040116
0.00010554,-0.0038179,-0.00178,1.6625,0.024652,0.040258
0.00010578,-0.0038149,-0.0017849,1.6625,0.024679,0.040399
0.00010602,-0.0038119,-0.0017899,1.6624,0.024707,0.04054
0.00010626,-0.003809,-0.0017949,1.6624,0.024734,0.040682
0.00010651,-0.003806,-0.0017998,1.6623,0.024761,0.040823
0.00010675,-0.003803,-0.0018048,1.6623,0.024789,0.040964
0.000107,-0.0038001,-0.0018098,1.6622,0.024817,0.041105
0.00010724,-0.0037971,-0.0018147,1.6622,0.024844,0.041246
0.00010749,-0.0037942,-0.0018196,1.6622,0.024872,0.041387
0.00010774,-0.0037912,-0.0018246,1.6621,0.0249,0.041528
0.00010798,-0.0037883,-0.0018295,1.6621,0.024928,0.041668
0.00010823,-0.0037854,-0.0018345,1.6621,0.024955,0.041809
0.00010848,-0.0037824,-0.0018394,1.662,0.024983,0.04195
0.00010873,-0.0037795,-0.0018443,1.662,0.025011,0.04209
0.00010897,-0.0037766,-0.0018492,1.662,0.02504,0.042231
0.00010922,-0.0037737,-0.0018542,1.6619,0.025068,0.042371
0.00010947,-0.0037708,-0.0018591,1.6619,0.025096,0.042511
0.00010972,-0.0037679,-0.001864,1.6619,0.025124,0.042652
0.00010997,-0.003765,-0.0018689,1.6618,0.025152,0.042792
0.00011022,-0.0037621,-0.0018738,1.6618,0.025181,0.042932
0.00011048,-0.0037593,-0.0018787,1.6618,0.025209,0.043072
0.00011073,-0.0037564,-0.0018836,1.6618,0.025238,0.043212
0.00011098,-0.0037535,-0.0018885,1.6617,0.025266,0.043352
0.00011123,-0.0037507,-0.0018934,1.6617,0.025295,0.043492
0.00011149,-0.0037478,-0.0018983,1.6617,0.025324,0.043631
0.00011174,-0.003745,-0.0019031,1.6617,0.025352,0.043771
0.00011199,-0.0037421,-0.001908,1.6617,0.025381,0.043911
0.00011225,-0.0037393,-0.0019129,1.6616,0.02541,0.04405
0.0001125,-0.0037364,-0.0019178,1.6616,0.025439,0.04419
0.00011276,-0.0037336,-0.0019226,1.6616,0.025468,0.044329
0.00011301,-0.0037308,-0.0019275,1.6616,0.025497,0.044468
0.00011327,-0.0037279,-0.0019323,1.6616,0.025526,0.044608
0.00011353,-0.0037251,-0.0019372,1.6616,0.025555,0.044747
0.00011378,-0.0037223,-0.0019421,1.6616,0.025584,0.044886
0.00011404,-0.0037195,-0.0019469,1.6615,0.025613,0.045025
0.0001143,-0.0037167,-0.0019517,1.6615,0.025642,0.045164
0.00011456,-0.0037139,-0.0019566,1.6615,0.025672,0.045303
0.00011482,-0.0037111,-0.0019614,1.6615,0.025701,0.045442
0.00011508,-0.0037083,-0.0019662,1.6615,0.02573,0.045581
0.00011533,-0.0037055,-0.0019711,1.6615,0.02576,0.04572
0.0001156,-0.0037027,-0.0019759,1.6615,0.025789,0.045858
0.00011586,-0.0036999,-0.0019807,1.6615,0.025819,0.045997
0.00011612,-0.0036971,-0.0019855,1.6615,0.025848,0.046136
0.00011638,-0.0036943,-0.0019903,1.6615,0.025878,0.046274
0.00011664,-0.0036915,-0.0019951,1.6615,0.025908,0.046412
0.0001169,-0.0036888,-0.0019999,1.6615,0.025938,0.046551
0.00011716,-0.003686,-0.0020047,1.6615,0.025967,0.046689
0.00011743,-0.0036832,-0.0020095,1.6615,0.025997,0.046827
0.00011769,-0.0036805,-0.0020143,1.6615,0.026027,0.046966
0.00011795,-0.0036777,-0.0020191,1.6615,0.026057,0.047104
0.00011822,-0.0036749,-0.0020239,1.6615,0.026087,0.047242
0.00011848,-0.0036722,-0.0020287,1.6615,0.026117,0.04738
0.00011875,-0.0036694,-0.0020335,1.6615,0.026147,0.047518
0.00011901,-0.0036667,-0.0020382,1.6615,0.026177,0.047656
0.00011928,-0.0036639,-0.002043,1.6615,0.026208,0.047793
0.00011955,-0.0036612,-0.0020478,1.6615,0.026238,0.047931
0.00011981,-0.0036584,-0.0020525,1.6615,0.026268,0.048069
0.00012008,-0.0036557,-0.0020573,1.6615,0.026298,0.048206
0.00012035,-0.003653,-0.0020621,1.6615,0.026329,0.048344
0.00012061,-0.0036502,-0.0020668,1.6615,0.026359,0.048481
0.00012088,-0.0036475,-0.0020716,1.6615,0.02639,0.048619
0.00012115,-0.0036448,-0.0020763,1.6615,0.02642,0.048756
0.00012142,-0.003642,-0.002081,1.6615,0.026451,0.048894
0.00012169,-0.0036393,-0.0020858,1.6615,0.026481,0.049031
0.00012196,-0.0036366,-0.0020905,1.6615,0.026512,0.049168
0.00012223,-0.0036339,-0.0020952,1.6615,0.026543,0.049305
0.0001225,-0.0036312,-0.0021,1.6615,0.026574,0.049442
0.00012277,-0.0036284,-0.0021047,1.6615,0.026604,0.049579
0.00012304,-0.0036257,-0.0021094,1.6615,0.026635,0.049716
0.00012331,-0.003623,-0.0021141,1.6616,0.026666,0.049853
0.00012359,-0.0036203,-0.0021188,1.6616,0.026697,0.04999
0.00012386,-0.0036176,-0.0021235,1.6616,0.026728,0.050127
0.00012413,-0.0036149,-0.0021282,1.6616,0.026759,0.050263
0.00012441,-0.0036122,-0.0021329,1.6616,0.02679,0.0504
0.00012468,-0.0036095,-0.0021376,1.6616,0.026821,0.050537
0.00012495,-0.0036068,-0.0021423,1.6616,0.026852,0.050673
0.00012523,-0.0036041,-0.002147,1.6616,0.026884,0.05081
0.0001255,-0.0036014,-0.0021517,1.6616,0.026915,0.050946
0.00012578,-0.0035987,-0.0021564,1.6616,0.026946,0.051082
0.00012605,-0.003596,-0.0021611,1.6616,0.026977,0.051219
0.00012633,-0.0035933,-0.0021657,1.6616,0.027009,0.051355
0.00012661,-0.0035906,-0.0021704,1.6617,0.02704,0.051491
0.00012688,-0.0035879,-0.0021751,1.6617,0.027072,0.051627
0.00012716,-0.0035852,-0.0021798,1.6617,0.027103,0.051763
0.00012744,-0.0035826,-0.0021844,1.6617,0.027135,0.051899
0.00012772,-0.0035799,-0.0021891,1.6617,0.027166,0.052035
0.00012799,-0.0035772,-0.0021937,1.6617,0.027198,0.052171
0.00012827,-0.0035745,-0.0021984,1.6617,0.02723,0.052307
0.00012855,-0.0035718,-0.002203,1.6617,0.027261,0.052443
0.00012883,-0.0035692,-0.0022077,1.6617,0.027293,0.052579
0.00012911,-0.0035665,-0.0022123,1.6617,0.027325,0.052714
0.00012939,-0.0035638,-0.0022169,1.6617,0.027357,0.05285
0.00012967,-0.0035611,-0.0022216,1.6618,0.027389,0.052985
0.00012995,-0.0035585,-0.0022262,1.6618,0.027421,0.053121
0.00013023,-0.0035558,-0.0022308,1.6618,0.027453,0.053256
0.00013052,-0.0035531,-0.0022354,1.6618,0.027485,0.053392
0.0001308,-0.0035504,-0.0022401,1.6618,0.027517,0.053527
0.00013108,-0.0035478,-0.0022447,1.6618,0.027549,0.053662
0.00013136,-0.0035451,-0.0022493,1.6618,0.027581,0.053798
0.00013165,-0.0035424,-0.0022539,1.6618,0.027613,0.053933
0.00013193,-0.0035398,-0.0022585,1.6618,0.027646,0.054068
0.00013221,-0.0035371,-0.0022631,1.6618,0.027678,0.054203
0.0001325,-0.0035345,-0.0022677,1.6619,0.02771,0.054338
0.00013278,-0.0035318,-0.0022723,1.6619,0.027743,0.054473
0.00013307,-0.0035291,-0.0022769,1.6619,0.027775,0.054608
0.00013335,-0.0035265,-0.0022815,1.6619,0.027807,0.054743
0.00013364,-0.0035238,-0.002286,1.6619,0.02784,0.054877
0.00013392,-0.0035212,-0.0022906,1.6619,0.027873,0.055012
0.00013421,-0.0035185,-0.0022952,1.6619,0.027905,0.055147
0.0001345,-0.0035159,-0.0022998,1.6619,0.027938,0.055281
0.00013478,-0.0035132,-0.0023043,1.6619,0.02797,0.055416
0.00013507,-0.0035105,-0.0023089,1.6619,0.028003,0.05555
0.00013536,-0.0035079,-0.0023135,1.662,0.028036,0.055685
0.00013565,-0.0035052,-0.002318,1.662,0.028069,0.055819
0.00013594,-0.0035026,-0.0023226,1.662,0.028102,0.055954
0.00013622,-0.0034999,-0.0023271,1.662,0.028134,0.056088
0.00013651,-0.0034973,-0.0023317,1.662,0.028167,0.056222
0.0001368,-0.0034947,-0.0023362,1.662,0.0282,0.056356
0.00013709,-0.003492,-0.0023407,1.662,0.028233,0.05649
0.00013738,-0.0034894,-0.0023453,1.662,0.028266,0.056625
0.00013767,-0.0034867,-0.0023498,1.662,0.0283,0.056759
0.00013797,-0.0034841,-0.0023543,1.662,0.028333,0.056892
0.00013826,-0.0034814,-0.0023589,1.662,0.028366,0.057026
0.00013855,-0.0034788,-0.0023634,1.6621,0.028399,0.05716
0.00013884,-0.0034761,-0.0023679,1.6621,0.028432,0.057294
0.00013913,-0.0034735,-0.0023724,1.6621,0.028466,0.057428
0.00013943,-0.0034709,-0.0023769,1.6621,0.028499,0.057562
0.00013972,-0.0034682,-0.0023814,1.6621,0.028532,0.057695
0.00014001,-0.0034656,-0.002386,1.6621,0.028566,0.057829
0.00014031,-0.003463,-0.0023905,1.6621,0.028599,0.057962
0.0001406,-0.0034603,-0.002395,1.6621,0.028633,0.058096
0.00014089,-0.0034577,-0.0023994,1.6621,0.028666,0.058229
0.00014119,-0.003455,-0.0024039,1.6621,0.0287,0.058363
0.00014148,-0.0034524,-0.0024084,1.6621,0.028734,0.058496
0.00014178,-0.0034498,-0.0024129,1.6622,0.028767,0.058629
0.00014208,-0.0034471,-0.0024174,1.6622,0.028801,0.058763
0.00014237,-0.0034445,-0.0024219,1.6622,0.028835,0.058896
0.00014267,-0.0034419,-0.0024263,1.6622,0.028869,0.059029
0.00014297,-0.0034393,-0.0024308,1.6622,0.028903,0.059162
0.00014326,-0.0034366,-0.0024353,1.6622,0.028937,0.059295
0.00014356,-0.003434,-0.0024397,1.6622,0.028971,0.059428
0.00014386,-0.0034314,-0.0024442,1.6622,0.029005,0.059561
0.00014416,-0.0034287,-0.0024487,1.6622,0.029039,0.059694
0.00014446,-0.0034261,-0.0024531,1.6622,0.029073,0.059827
0.00014475,-0.0034235,-0.0024576,1.6622,0.029107,0.059959
0.00014505,-0.0034209,-0.002462,1.6622,0.029141,0.060092
0.00014535,-0.0034182,-0.0024665,1.6622,0.029175,0.060225
0.00014565,-0.0034156,-0.0024709,1.6622,0.029209,0.060357
0.00014595,-0.003413,-0.0024753,1.6623,0.029244,0.06049
0.00014625,-0.0034104,-0.0024798,1.6623,0.029278,0.060622
0.00014656,-0.0034077,-0.0024842,1.6623,0.029313,0.060755
0.00014686,-0.0034051,-0.0024886,1.6623,0.029347,0.060887
0.00014716,-0.0034025,-0.002493,1.6623,0.029381,0.06102
0.00014746,-0.0033999,-0.0024975,1.6623,0.029416,0.061152
0.00014776,-0.0033973,-0.0025019,1.6623,0.029451,0.061284
0.00014806,-0.0033946,-0.0025063,1.6623,0.029485,0.061416
0.00014837,-0.003392,-0.0025107,1.6623,0.02952,0.061549
0.00014867,-0.0033894,-0.0025151,1.6623,0.029554,0.061681
0.00014897,-0.0033868,-0.0025195,1.6623,0.029589,0.061813
0.00014928,-0.0033842,-0.0025239,1.6623,0.029624,0.061945
0.00014958,-0.0033816,-0.0025283,1.6623,0.029659,0.062077
0.00014989,-0.0033789,-0.0025327,1.6623,0.029694,0.062209
0.00015019,-0.0033763,-0.0025371,1.6623,0.029729,0.062341
0.0001505,-0.0033737,-0.0025415,1.6623,0.029764,0.062472
0.0001508,-0.0033711,-0.0025459,1.6623,0.029799,0.062604
0.00015111,-0.0033685,-0.0025502,1.6624,0.029834,0.062736
0.00015142,-0.0033659,-0.0025546,1.6624,0.029869,0.062868
0.00015172,-0.0033633,-0.002559,1.6624,0.029904,0.062999
0.00015203,-0.0033607,-0.0025634,1.6624,0.029939,0.063131
0.00015234,-0.0033581,-0.0025677,1.6624,0.029974,0.063262
0.00015264,-0.0033554,-0.0025721,1.6624,0.03001,0.063394
0.00015295,-0.0033528,-0.0025764,1.6624,0.030045,0.063525
0.00015326,-0.0033502,-0.0025808,1.6624,0.03008,0.063657
0.00015357,-0.0033476,-0.0025851,1.6624,0.030116,0.063788
0.00015388,-0.003345,-0.0025895,1.6624,0.030151,0.063919
0.00015419,-0.0033424,-0.0025938,1.6624,0.030187,0.064051
0.0001545,-0.0033398,-0.0025982,1.6624,0.030222,0.064182
0.00015481,-0.0033372,-0.0026025,1.6624,0.030258,0.064313
0.00015512,-0.0033346,-0.0026069,1.6624,0.030293,0.064444
0.00015543,-0.003332,-0.0026112,1.6624,0.030329,0.064575
0.00015574,-0.0033294,-0.0026155,1.6624,0.030365,0.064706
0.00015605,-0.0033268,-0.0026198,1.6624,0.0304,0.064837
0.00015636,-0.0033242,-0.0026242,1.6624,0.030436,0.064968
0.00015667,-0.0033216,-0.0026285,1.6624,0.030472,0.065099
0.00015699,-0.003319,-0.0026328,1.6624,0.030508,0.06523
0.0001573,-0.0033164,-0.0026371,1.6624,0.030544,0.06536
0.00015761,-0.0033138,-0.0026414,1.6624,0.03058,0.065491
0.00015792,-0.0033112,-0.0026457,1.6624,0.030616,0.065622
0.00015824,-0.0033086,-0.00265,1.6624,0.030652,0.065752
0.00015855,-0.003306,-0.0026543,1.6624,0.030688,0.065883
0.00015886,-0.0033034,-0.0026586,1.6624,0.030724,0.066013
0.00015918,-0.0033008,-0.0026629,1.6625,0.030761,0.066144
0.00015949,-0.0032982,-0.0026672,1.6625,0.030797,0.066274
0.00015981,-0.0032956,-0.0026715,1.6625,0.030833,0.066405
0.00016012,-0.003293,-0.0026758,1.6625,0.03087,0.066535
0.00016044,-0.0032904,-0.0026801,1.6625,0.030906,0.066665
0.00016076,-0.0032878,-0.0026843,1.6625,0.030942,0.066796
0.00016107,-0.0032852,-0.0026886,1.6625,0.030979,0.066926
0.00016139,-0.0032826,-0.0026929,1.6625,0.031015,0.067056
0.00016171,-0.00328,-0.0026971,1.6625,0.031052,0.067186
0.00016202,-0.0032774,-0.0027014,1.6625,0.031089,0.067316
0.00016234,-0.0032748,-0.0027057,1.6625,0.031125,0.067446
0.00016266,-0.0032722,-0.0027099,1.6625,0.031162,0.067576
0.00016298,-0.0032697,-0.0027142,1.6625,0.031199,0.067706
0.00016329,-0.0032671,-0.0027184,1.6625,0.031236,0.067836
0.00016361,-0.0032645,-0.0027227,1.6625,0.031273,0.067966
0.00016393,-0.0032619,-0.0027269,1.6625,0.031309,0.068096
0.00016425,-0.0032593,-0.0027312,1.6625,0.031346,0.068225
0.00016457,-0.0032567,-0.0027354,1.6625,0.031383,0.068355
0.00016489,-0.0032541,-0.0027396,1.6625,0.03142,0.068485
0.00016521,-0.0032515,-0.0027439,1.6625,0.031458,0.068614
0.00016553,-0.0032489,-0.0027481,1.6625,0.031495,0.068744
0.00016585,-0.0032464,-0.0027523,1.6625,0.031532,0.068874
0.00016618,-0.0032438,-0.0027565,1.6625,0.031569,0.069003
0.0001665,-0.0032412,-0.0027608,1.6625,0.031606,0.069132
0.00016682,-0.0032386,-0.002765,1.6625,0.031644,0.069262
0.00016714,-0.003236,-0.0027692,1.6625,0.031681,0.069391
0.00016746,-0.0032334,-0.0027734,1.6625,0.031719,0.06952
0.00016779,-0.0032309,-0.0027776,1.6625,0.031756,0.06965
0.00016811,-0.0032283,-0.0027818,1.6625,0.031794,0.069779
0.00016843,-0.0032257,-0.002786,1.6625,0.031831,0.069908
0.00016876,-0.0032231,-0.0027902,1.6625,0.031869,0.070037
0.00016908,-0.0032205,-0.0027944,1.6625,0.031907,0.070166
0.00016941,-0.003218,-0.0027986,1.6625,0.031944,0.070295
0.00016973,-0.0032154,-0.0028028,1.6625,0.031982,0.070424
0.00017005,-0.0032128,-0.0028069,1.6625,0.03202,0.070553
0.00017038,-0.0032102,-0.0028111,1.6625,0.032058,0.070682
0.00017071,-0.0032076,-0.0028153,1.6625,0.032096,0.070811
0.00017103,-0.0032051,-0.0028195,1.6625,0.032134,0.07094
0.00017136,-0.0032025,-0.0028236,1.6625,0.032172,0.071069
0.00017168,-0.0031999,-0.0028278,1.6625,0.03221,0.071197
0.00017201,-0.0031973,-0.002832,1.6625,0.032248,0.071326
0.00017234,-0.0031948,-0.0028361,1.6625,0.032286,0.071455
0.00017267,-0.0031922,-0.0028403,1.6625,0.032324,0.071583
0.00017299,-0.0031896,-0.0028445,1.6625,0.032362,0.071712
0.00017332,-0.003187,-0.0028486,1.6625,0.032401,0.07184
0.00017365,-0.0031845,-0.0028528,1.6625,0.032439,0.071969
0.00017398,-0.0031819,-0.0028569,1.6625,0.032478,0.072097
0.00017431,-0.0031793,-0.002861,1.6625,0.032516,0.072226
0.00017464,-0.0031767,-0.0028652,1.6625,0.032555,0.072354
0.00017497,-0.0031742,-0.0028693,1.6625,0.032593,0.072482
0.0001753,-0.0031716,-0.0028734,1.6625,0.032632,0.072611
0.00017563,-0.003169,-0.0028776,1.6625,0.03267,0.072739
0.00017596,-0.0031665,-0.0028817,1.6625,0.032709,0.072867
0.00017629,-0.0031639,-0.0028858,1.6625,0.032748,0.072995
0.00017662,-0.0031613,-0.0028899,1.6625,0.032787,0.073123
0.00017695,-0.0031588,-0.0028941,1.6625,0.032825,0.073251
0.00017728,-0.0031562,-0.0028982,1.6625,0.032864,0.073379
0.00017761,-0.0031536,-0.0029023,1.6625,0.032903,0.073507
0.00017794,-0.0031511,-0.0029064,1.6625,0.032942,0.073635
0.00017828,-0.0031485,-0.0029105,1.6625,0.032981,0.073763
0.00017861,-0.0031459,-0.0029146,1.6625,0.033021,0.073891
0.00017894,-0.0031434,-0.0029187,1.6625,0.03306,0.074019
0.00017928,-0.0031408,-0.0029228,1.6625,0.033099,0.074147
0.00017961,-0.0031382,-0.0029269,1.6625,0.033138,0.074274
0.00017994,-0.0031357,-0.002931,1.6625,0.033177,0.074402
0.00018028,-0.0031331,-0.0029351,1.6625,0.033217,0.07453
0.00018061,-0.0031305,-0.0029391,1.6625,0.033256,0.074657
0.00018095,-0.003128,-0.0029432,1.6625,0.033296,0.074785
0.00018128,-0.0031254,-0.0029473,1.6625,0.033335,0.074912
0.00018162,-0.0031228,-0.0029514,1.6625,0.033375,0.07504
0.00018195,-0.0031203,-0.0029554,1.6625,0.033414,0.075167
0.00018229,-0.0031177,-0.0029595,1.6625,0.033454,0.075295
0.00018263,-0.0031152,-0.0029636,1.6625,0.033494,0.075422
0.00018296,-0.0031126,-0.0029676,1.6625,0.033534,0.075549
0.0001833,-0.00311,-0.0029717,1.6625,0.033573,0.075676
0.00018364,-0.0031075,-0.0029757,1.6625,0.033613,0.075804
0.00018397,-0.0031049,-0.0029798,1.6625,0.033653,0.075931
0.00018431,-0.0031024,-0.0029838,1.6625,0.033693,0.076058
0.00018465,-0.0030998,-0.0029879,1.6625,0.033733,0.076185
0.00018499,-0.0030973,-0.0029919,1.6625,0.033773,0.076312
0.00018533,-0.0030947,-0.002996,1.6625,0.033813,0.076439
0.00018566,-0.0030921,-0.003,1.6625,0.033854,0.076566
0.000186,-0.0030896,-0.003004,1.6625,0.033894,0.076693
0.00018634,-0.003087,-0.0030081,1.6625,0.033934,0.07682
0.00018668,-0.0030845,-0.0030121,1.6625,0.033974,0.076947
0.00018702,-0.0030819,-0.0030161,1.6625,0.034015,0.077074
0.00018736,-0.0030794,-0.0030201,1.6625,0.034055,0.077201
0.0001877,-0.0030768,-0.0030242,1.6625,0.034096,0.077327
0.00018804,-0.0030743,-0.0030282,1.6625,0.034136,0.077454
0.00018839,-0.0030717,-0.0030322,1.6625,0.034177,0.077581
0.00018873,-0.0030691,-0.0030362,1.6625,0.034218,0.077707
0.00018907,-0.0030666,-0.0030402,1.6625,0.034258,0.077834
0.00018941,-0.003064,-0.0030442,1.6625,0.034299,0.077961
0.00018975,-0.0030615,-0.0030482,1.6625,0.03434,0.078087
0.0001901,-0.0030589,-0.0030522,1.6625,0.034381,0.078214
0.00019044,-0.0030564,-0.0030562,1.6625,0.034422,0.07834
0.00019078,-0.0030538,-0.0030602,1.6625,0.034463,0.078466
0.00019112,-0.0030513,-0.0030642,1.6625,0.034504,0.078593
0.00019147,-0.0030487,-0.0030682,1.6625,0.034545,0.078719
0.00019181,-0.0030462,-0.0030721,1.6625,0.034586,0.078845
0.00019216,-0.0030436,-0.0030761,1.6625,0.034627,0.078972
0.0001925,-0.0030411,-0.0030801,1.6625,0.034668,0.079098
0.00019285,-0.0030385,-0.0030841,1.6625,0.03471,0.079224
0.00019319,-0.003036,-0.003088,1.6625,0.034751,0.07935
0.00019354,-0.0030335,-0.003092,1.6625,0.034792,0.079476
0.00019388,-0.0030309,-0.003096,1.6625,0.034834,0.079602
0.00019423,-0.0030284,-0.0030999,1.6625,0.034875,0.079728
0.00019457,-0.0030258,-0.0031039,1.6625,0.034917,0.079854
0.00019492,-0.0030233,-0.0031078,1.6625,0.034959,0.07998
0.00019527,-0.0030207,-0.0031118,1.6625,0.035,0.080106
0.00019561,-0.0030182,-0.0031157,1.6625,0.035042,0.080232
0.00019596,-0.0030156,-0.0031197,1.6625,0.035084,0.080358
0.00019631,-0.0030131,-0.0031236,1.6625,0.035126,0.080484
0.00019666,-0.0030105,-0.0031276,1.6625,0.035168,0.080609
0.000197,-0.003008,-0.0031315,1.6625,0.03521,0.080735
0.00019735,-0.0030055,-0.0031354,1.6625,0.035252,0.080861
0.0001977,-0.0030029,-0.0031394,1.6625,0.035294,0.080986
0.00019805,-0.0030004,-0.0031433,1.6625,0.035336,0.081112
0.0001984,-0.0029978,-0.0031472,1.6625,0.035378,0.081238
0.00019875,-0.0029953,-0.0031511,1.6625,0.03542,0.081363
0.0001991,-0.0029927,-0.0031551,1.6625,0.035462,0.081489
0.00019945,-0.0029902,-0.003159,1.6625,0.035505,0.081614
0.0001998,-0.0029877,-0.0031629,1.6625,0.035547,0.08174
0.00020015,-0.0029851,-0.0031668,1.6625,0.03559,0.081865
0.0002005,-0.0029826,-0.0031707,1.6625,0.035632,0.08199
0.00020085,-0.00298,-0.0031746,1.6625,0.035675,0.082116
0.0002012,-0.0029775,-0.0031785,1.6625,0.035717,0.082241
0.00020155,-0.002975,-0.0031824,1.6625,0.03576,0.082366
0.00020191,-0.0029724,-0.0031863,1.6625,0.035803,0.082491
0.00020226,-0.0029699,-0.0031902,1.6625,0.035846,0.082617
0.00020261,-0.0029673,-0.0031941,1.6625,0.035888,0.082742
0.00020296,-0.0029648,-0.003198,1.6625,0.035931,0.082867
0.00020332,-0.0029623,-0.0032019,1.6625,0.035974,0.082992
0.00020367,-0.0029597,-0.0032057,1.6625,0.036017,0.083117
0.00020402,-0.0029572,-0.0032096,1.6625,0.03606,0.083242
0.00020438,-0.0029546,-0.0032135,1.6625,0.036104,0.083367
0.00020473,-0.0029521,-0.0032174,1.6625,0.036147,0.083492
0.00020509,-0.0029496,-0.0032212,1.6625,0.03619,0.083617
0.00020544,-0.002947,-0.0032251,1.6625,0.036233,0.083742
0.00020579,-0.0029445,-0.003229,1.6625,0.036277,0.083866
0.00020615,-0.002942,-0.0032328,1.6625,0.03632,0.083991
0.0002065,-0.0029394,-0.0032367,1.6625,0.036364,0.084116
0.00020686,-0.0029369,-0.0032405,1.6625,0.036407,0.084241
0.00020722,-0.0029344,-0.0032444,1.6625,0.036451,0.084365
0.00020757,-0.0029318,-0.0032482,1.6625,0.036494,0.08449
0.00020793,-0.0029293,-0.0032521,1.6625,0.036538,0.084615
0.00020829,-0.0029268,-0.0032559,1.6625,0.036582,0.084739
0.00020864,-0.0029242,-0.0032598,1.6625,0.036626,0.084864
0.000209,-0.0029217,-0.0032636,1.6625,0.03667,0.084988
0.00020936,-0.0029192,-0.0032674,1.6625,0.036713,0.085113
0.00020971,-0.0029166,-0.0032713,1.6625,0.036757,0.085237
0.00021007,-0.0029141,-0.0032751,1.6625,0.036802,0.085362
0.00021043,-0.0029115,-0.0032789,1.6625,0.036846,0.085486
0.00021079,-0.002909,-0.0032828,1.6625,0.03689,0.08561
0.00021115,-0.0029065,-0.0032866,1.6625,0.036934,0.085735
0.00021151,-0.002904,-0.0032904,1.6625,0.036978,0.085859
0.00021187,-0.0029014,-0.0032942,1.6625,0.037023,0.085983
0.00021223,-0.0028989,-0.003298,1.6625,0.037067,0.086107
0.00021259,-0.0028964,-0.0033018,1.6625,0.037112,0.086232
0.00021295,-0.0028938,-0.0033056,1.6625,0.037156,0.086356
0.00021331,-0.0028913,-0.0033094,1.6625,0.037201,0.08648
0.00021367,-0.0028888,-0.0033132,1.6625,0.037245,0.086604
0.00021403,-0.0028862,-0.003317,1.6625,0.03729,0.086728
0.00021439,-0.0028837,-0.0033208,1.6625,0.037335,0.086852
0.00021475,-0.0028812,-0.0033246,1.6625,0.03738,0.086976
0.00021511,-0.0028786,-0.0033284,1.6625,0.037425,0.0871
0.00021547,-0.0028761,-0.0033322,1.6625,0.03747,0.087224
0.00021584,-0.0028736,-0.003336,1.6625,0.037515,0.087348
0.0002162,-0.002871,-0.0033398,1.6625,0.03756,0.087471
0.00021656,-0.0028685,-0.0033435,1.6625,0.037605,0.087595
0.00021692,-0.002866,-0.0033473,1.6625,0.03765,0.087719
0.00021729,-0.0028635,-0.0033511,1.6625,0.037695,0.087843
0.00021765,-0.0028609,-0.0033548,1.6625,0.037741,0.087967
0.00021801,-0.0028584,-0.0033586,1.6625,0.037786,0.08809
0.00021838,-0.0028559,-0.0033624,1.6625,0.037831,0.088214
0.00021874,-0.0028533,-0.0033661,1.6625,0.037877,0.088337
0.00021911,-0.0028508,-0.0033699,1.6625,0.037922,0.088461
0.00021947,-0.0028483,-0.0033736,1.6625,0.037968,0.088585
0.00021984,-0.0028458,-0.0033774,1.6625,0.038014,0.088708
0.0002202,-0.0028432,-0.0033811,1.6625,0.03806,0.088832
0.00022057,-0.0028407,-0.0033849,1.6625,0.038105,0.088955
0.00022093,-0.0028382,-0.0033886,1.6625,0.038151,0.089079
0.0002213,-0.0028356,-0.0033924,1.6625,0.038197,0.089202
0.00022166,-0.0028331,-0.0033961,1.6625,0.038243,0.089325
0.00022203,-0.0028306,-0.0033999,1.6625,0.038289,0.089449
0.0002224,-0.0028281,-0.0034036,1.6625,0.038335,0.089572
0.00022276,-0.0028255,-0.0034073,1.6625,0.038381,0.089695
0.00022313,-0.002823,-0.003411,1.6625,0.038428,0.089818
0.0002235,-0.0028205,-0.0034148,1.6625,0.038474,0.089942
0.00022387,-0.0028179,-0.0034185,1.6625,0.03852,0.090065
0.00022423,-0.0028154,-0.0034222,1.6625,0.038567,0.090188
0.0002246,-0.0028129,-0.0034259,1.6625,0.038613,0.090311
0.00022497,-0.0028104,-0.0034296,1.6625,0.03866,0.090434
0.00022534,-0.0028078,-0.0034333,1.6625,0.038706,0.090557
0.00022571,-0.0028053,-0.003437,1.6625,0.038753,0.09068
0.00022608,-0.0028028,-0.0034408,1.6625,0.0388,0.090803
0.00022645,-0.0028003,-0.0034445,1.6625,0.038847,0.090926
0.00022682,-0.0027977,-0.0034482,1.6625,0.038894,0.091049
0.00022719,-0.0027952,-0.0034518,1.6625,0.038941,0.091172
0.00022756,-0.0027927,-0.0034555,1.6625,0.038988,0.091295
0.00022793,-0.0027902,-0.0034592,1.6625,0.039035,0.091418
0.0002283,-0.0027876,-0.0034629,1.6625,0.039082,0.091541
0.00022867,-0.0027851,-0.0034666,1.6625,0.039129,0.091663
0.00022904,-0.0027826,-0.0034703,1.6625,0.039176,0.091786
0.00022941,-0.00278,-0.003474,1.6625,0.039223,0.091909
0.00022978,-0.0027775,-0.0034776,1.6625,0.039271,0.092032
0.00023015,-0.002775,-0.0034813,1.6625,0.039318,0.092154
0.00023053,-0.0027725,-0.003485,1.6625,0.039366,0.092277
0.0002309,-0.0027699,-0.0034887,1.6625,0.039413,0.0924
0.00023127,-0.0027674,-0.0034923,1.6625,0.039461,0.092522
0.00023164,-0.0027649,-0.003496,1.6625,0.039509,0.092645
0.00023202,-0.0027624,-0.0034996,1.6625,0.039556,0.092767
0.00023239,-0.0027598,-0.0035033,1.6625,0.039604,0.09289
0.00023276,-0.0027573,-0.003507,1.6625,0.039652,0.093012
0.00023314,-0.0027548,-0.0035106,1.6625,0.0397,0.093135
0.00023351,-0.0027523,-0.0035143,1.6625,0.039748,0.093257
0.00023389,-0.0027497,-0.0035179,1.6625,0.039796,0.093379
0.00023426,-0.0027472,-0.0035216,1.6625,0.039845,0.093502
0.00023464,-0.0027447,-0.0035252,1.6625,0.039893,0.093624
0.00023501,-0.0027422,-0.0035288,1.6625,0.039941,0.093746
0.00023539,-0.0027396,-0.0035325,1.6625,0.039989,0.093869
0.00023576,-0.0027371,-0.0035361,1.6625,0.040038,0.093991
0.00023614,-0.0027346,-0.0035397,1.6625,0.040086,0.094113
0.00023651,-0.0027321,-0.0035434,1.6625,0.040135,0.094235
0.00023689,-0.0027295,-0.003547,1.6625,0.040184,0.094357
0.00023727,-0.002727,-0.0035506,1.6625,0.040232,0.09448
0.00023764,-0.0027245,-0.0035542,1.6625,0.040281,0.094602
0.00023802,-0.002722,-0.0035578,1.6625,0.04033,0.094724
0.0002384,-0.0027194,-0.0035615,1.6625,0.040379,0.094846
0.00023877,-0.0027169,-0.0035651,1.6625,0.040428,0.094968
0.00023915,-0.0027144,-0.0035687,1.6625,0.040477,0.09509
0.00023953,-0.0027119,-0.0035723,1.6625,0.040526,0.095212
0.00023991,-0.0027093,-0.0035759,1.6625,0.040575,0.095334
0.00024029,-0.0027068,-0.0035795,1.6625,0.040624,0.095456
0.00024066,-0.0027043,-0.0035831,1.6625,0.040673,0.095577
0.00024104,-0.0027018,-0.0035867,1.6625,0.040723,0.095699
0.00024142,-0.0026992,-0.0035903,1.6625,0.040772,0.095821
0.0002418,-0.0026967,-0.0035939,1.6625,0.040822,0.095943
0.00024218,-0.0026942,-0.0035974,1.6625,0.040871,0.096065
0.00024256,-0.0026917,-0.003601,1.6625,0.040921,0.096186
0.00024294,-0.0026891,-0.0036046,1.6625,0.040971,0.096308
0.00024332,-0.0026866,-0.0036082,1.6625,0.04102,0.09643
0.0002437,-0.0026841,-0.0036118,1.6625,0.04107,0.096551
0.00024408,-0.0026815,-0.0036153,1.6625,0.04112,0.096673
0.00024446,-0.002679,-0.0036189,1.6625,0.04117,0.096795
0.00024484,-0.0026765,-0.0036225,1.6625,0.04122,0.096916
0.00024522,-0.002674,-0.003626,1.6625,0.04127,0.097038
0.00024561,-0.0026714,-0.0036296,1.6625,0.041321,0.097159
0.00024599,-0.0026689,-0.0036332,1.6625,0.041371,0.097281
0.00024637,-0.0026664,-0.0036367,1.6625,0.041421,0.097402
0.00024675,-0.0026639,-0.0036403,1.6625,0.041472,0.097524
0.00024713,-0.0026613,-0.0036438,1.6625,0.041522,0.097645
0.00024752,-0.0026588,-0.0036474,1.6625,0.041573,0.097767
0.0002479,-0.0026563,-0.0036509,1.6625,0.041623,0.097888
0.00024828,-0.0026538,-0.0036545,1.6625,0.041674,0.098009
0.00024867,-0.0026512,-0.003658,1.6625,0.041725,0.098131
0.00024905,-0.0026487,-0.0036616,1.6625,0.041776,0.098252
0.00024943,-0.0026462,-0.0036651,1.6625,0.041826,0.098373
0.00024982,-0.0026437,-0.0036686,1.6625,0.041877,0.098495
0.0002502,-0.0026411,-0.0036722,1.6625,0.041928,0.098616
0.00025059,-0.0026386,-0.0036757,1.6625,0.04198,0.098737
0.00025097,-0.0026361,-0.0036792,1.6625,0.042031,0.098858
0.00025136,-0.0026335,-0.0036827,1.6625,0.042082,0.098979
0.00025174,-0.002631,-0.0036863,1.6625,0.042133,0.0991
0.00025213,-0.0026285,-0.0036898,1.6625,0.042185,0.099222
0.00025251,-0.002626,-0.0036933,1.6625,0.042236,0.099343
0.0002529,-0.0026234,-0.0036968,1.6625,0.042288,0.099464
0.00025328,-0.0026209,-0.0037003,1.6625,0.042339,0.099585
0.00025367,-0.0026184,-0.0037038,1.6625,0.042391,0.099706
0.00025406,-0.0026158,-0.0037073,1.6625,0.042443,0.099827
0.00025444,-0.0026133,-0.0037108,1.6625,0.042494,0.099948
0.00025483,-0.0026108,-0.0037143,1.6625,0.042546,0.10007
0.00025522,-0.0026083,-0.0037178,1.6625,0.042598,0.10019
0.00025561,-0.0026057,-0.0037213,1.6625,0.04265,0.10031
0.00025599,-0.0026032,-0.0037248,1.6625,0.042703,0.10043
0.00025638,-0.0026007,-0.0037283,1.6625,0.042755,0.10055
0.00025677,-0.0025981,-0.0037318,1.6625,0.042807,0.10067
0.00025716,-0.0025956,-0.0037353,1.6625,0.042859,0.10079
0.00025755,-0.0025931,-0.0037388,1.6625,0.042912,0.10091
0.00025793,-0.0025906,-0.0037422,1.6625,0.042964,0.10104
0.00025832,-0.002588,-0.0037457,1.6625,0.043017,0.10116
0.00025871,-0.0025855,-0.0037492,1.6625,0.043069,0.10128
0.0002591,-0.002583,-0.0037527,1.6625,0.043122,0.1014
0.00025949,-0.0025804,-0.0037561,1.6625,0.043175,0.10152
0.00025988,-0.0025779,-0.0037596,1.6625,0.043228,0.10164
0.00026027,-0.0025754,-0.0037631,1.6625,0.043281,0.10176
0.00026066,-0.0025728,-0.0037665,1.6625,0.043334,0.10188
0.00026105,-0.0025703,-0.00377,1.6625,0.043387,0.102
0.00026144,-0.0025678,-0.0037734,1.6625,0.04344,0.10212
0.00026183,-0.0025653,-0.0037769,1.6625,0.043493,0.10224
0.00026223,-0.0025627,-0.0037803,1.6625,0.043546,0.10236
0.00026262,-0.0025602,-0.0037838,1.6625,0.0436,0.10248
0.00026301,-0.0025577,-0.0037872,1.6625,0.043653,0.1026
0.0002634,-0.0025551,-0.0037907,1.6625,0.043707,0.10272
0.00026379,-0.0025526,-0.0037941,1.6625,0.04376,0.10284
0.00026418,-0.0025501,-0.0037976,1.6625,0.043814,0.10296
0.00026458,-0.0025475,-0.003801,1.6625,0.043868,0.10308
0.00026497,-0.002545,-0.0038044,1.6625,0.043922,0.1032
0.00026536,-0.0025425,-0.0038079,1.6625,0.043975,0.10332
0.00026576,-0.0025399,-0.0038113,1.6625,0.044029,0.10345
0.00026615,-0.0025374,-0.0038147,1.6625,0.044083,0.10357
0.00026654,-0.0025349,-0.0038181,1.6625,0.044138,0.10369
0.00026694,-0.0025323,-0.0038216,1.6625,0.044192,0.10381
0.00026733,-0.0025298,-0.003825,1.6625,0.044246,0.10393
0.00026773,-0.0025273,-0.0038284,1.6625,0.0443,0.10405
0.00026812,-0.0025247,-0.0038318,1.6625,0.044355,0.10417
0.00026851,-0.0025222,-0.0038352,1.6625,0.044409,0.10429
0.00026891,-0.0025197,-0.0038386,1.6625,0.044464,0.10441
0.0002693,-0.0025171,-0.003842,1.6625,0.044519,0.10453
0.0002697,-0.0025146,-0.0038454,1.6625,0.044573,0.10465
0.00027009,-0.0025121,-0.0038488,1.6625,0.044628,0.10477
0.00027049,-0.0025095,-0.0038522,1.6625,0.044683,0.10489
0.00027089,-0.002507,-0.0038556,1.6625,0.044738,0.10501
0.00027128,-0.0025044,-0.003859,1.6625,0.044793,0.10513
0.00027168,-0.0025019,-0.0038624,1.6625,0.044848,0.10525
0.00027208,-0.0024994,-0.0038658,1.6625,0.044904,0.10537
0.00027247,-0.0024968,-0.0038692,1.6625,0.044959,0.10549
0.00027287,-0.0024943,-0.0038726,1.6625,0.045014,0.10561
0.00027327,-0.0024918,-0.0038759,1.6625,0.04507,0.10573
0.00027366,-0.0024892,-0.0038793,1.6625,0.045125,0.10585
0.00027406,-0.0024867,-0.0038827,1.6625,0.045181,0.10597
0.00027446,-0.0024841,-0.0038861,1.6625,0.045237,0.10609
0.00027486,-0.0024816,-0.0038894,1.6625,0.045292,0.10621
0.00027526,-0.0024791,-0.0038928,1.6625,0.045348,0.10633
0.00027565,-0.0024765,-0.0038962,1.6625,0.045404,0.10645
0.00027605,-0.002474,-0.0038995,1.6625,0.04546,0.10657
0.00027645,-0.0024715,-0.0039029,1.6625,0.045516,0.10668
0.00027685,-0.0024689,-0.0039062,1.6625,0.045572,0.1068
0.00027725,-0.0024664,-0.0039096,1.6625,0.045629,0.10692
0.00027765,-0.0024638,-0.0039129,1.6625,0.045685,0.10704
0.00027805,-0.0024613,-0.0039163,1.6625,0.045741,0.10716
0.00027845,-0.0024587,-0.0039196,1.6625,0.045798,0.10728
0.00027885,-0.0024562,-0.003923,1.6625,0.045854,0.1074
0.00027925,-0.0024537,-0.0039263,1.6625,0.045911,0.10752
0.00027965,-0.0024511,-0.0039297,1.6625,0.045968,0.10764
0.00028005,-0.0024486,-0.003933,1.6625,0.046025,0.10776
0.00028045,-0.002446,-0.0039363,1.6625,0.046081,0.10788
0.00028085,-0.0024435,-0.0039397,1.6625,0.046138,0.108
0.00028125,-0.002441,-0.003943,1.6625,0.046196,0.10812
0.00028165,-0.0024384,-0.0039463,1.6625,0.046253,0.10824
0.00028206,-0.0024359,-0.0039497,1.6625,0.04631,0.10836
0.00028246,-0.0024333,-0.003953,1.6625,0.046367,0.10848
0.00028286,-0.0024308,-0.0039563,1.6625,0.046425,0.1086
0.00028326,-0.0024282,-0.0039596,1.6625,0.046482,0.10872
0.00028367,-0.0024257,-0.0039629,1.6625,0.04654,0.10884
0.00028407,-0.0024231,-0.0039662,1.6625,0.046597,0.10896
0.00028447,-0.0024206,-0.0039696,1.6625,0.046655,0.10908
0.00028487,-0.0024181,-0.0039729,1.6625,0.046713,0.10919
0.00028528,-0.0024155,-0.0039762,1.6625,0.046771,0.10931
0.00028568,-0.002413,-0.0039795,1.6625,0.046829,0.10943
0.00028609,-0.0024104,-0.0039828,1.6625,0.046887,0.10955
0.00028649,-0.0024079,-0.0039861,1.6625,0.046945,0.10967
0.00028689,-0.0024053,-0.0039894,1.6625,0.047003,0.10979
0.0002873,-0.0024028,-0.0039927,1.6625,0.047061,0.10991
0.0002877,-0.0024002,-0.0039959,1.6625,0.04712,0.11003
0.00028811,-0.0023977,-0.0039992,1.6625,0.047178,0.11015
0.00028851,-0.0023951,-0.0040025,1.6625,0.047237,0.11027
0.00028892,-0.0023926,-0.0040058,1.6625,0.047295,0.11039
0.00028932,-0.00239,-0.0040091,1.6625,0.047354,0.11051
0.00028973,-0.0023875,-0.0040124,1.6625,0.047413,0.11063
0.00029013,-0.0023849,-0.0040156,1.6625,0.047472,0.11074
0.00029054,-0.0023824,-0.0040189,1.6625,0.047531,0.11086
0.00029095,-0.0023798,-0.0040222,1.6625,0.04759,0.11098
0.00029135,-0.0023773,-0.0040254,1.6625,0.047649,0.1111
0.00029176,-0.0023747,-0.0040287,1.6625,0.047708,0.11122
0.00029217,-0.0023722,-0.004032,1.6625,0.047768,0.11134
0.00029257,-0.0023696,-0.0040352,1.6625,0.047827,0.11146
0.00029298,-0.0023671,-0.0040385,1.6625,0.047887,0.11158
0.00029339,-0.0023645,-0.0040418,1.6625,0.047946,0.1117
0.00029379,-0.002362,-0.004045,1.6625,0.048006,0.11182
0.0002942,-0.0023594,-0.0040483,1.6625,0.048066,0.11193
0.00029461,-0.0023569,-0.0040515,1.6625,0.048125,0.11205
0.00029502,-0.0023543,-0.0040548,1.6625,0.048185,0.11217
0.00029543,-0.0023518,-0.004058,1.6625,0.048245,0.11229
0.00029584,-0.0023492,-0.0040612,1.6625,0.048306,0.11241
0.00029624,-0.0023466,-0.0040645,1.6625,0.048366,0.11253
0.00029665,-0.0023441,-0.0040677,1.6625,0.048426,0.11265
0.00029706,-0.0023415,-0.0040709,1.6625,0.048486,0.11277
0.00029747,-0.002339,-0.0040742,1.6625,0.048547,0.11289
0.00029788,-0.0023364,-0.0040774,1.6625,0.048607,0.113
0.00029829,-0.0023339,-0.0040806,1.6625,0.048668,0.11312
0.0002987,-0.0023313,-0.0040839,1.6625,0.048729,0.11324
0.00029911,-0.0023287,-0.0040871,1.6625,0.04879,0.11336
0.00029952,-0.0023262,-0.0040903,1.6625,0.04885,0.11348
0.00029993,-0.0023236,-0.0040935,1.6625,0.048911,0.1136
0.00030034,-0.0023211,-0.0040967,1.6625,0.048973,0.11372
0.00030075,-0.0023185,-0.0041,1.6625,0.049034,0.11384
0.00030116,-0.0023159,-0.0041032,1.6625,0.049095,0.11395
0.00030158,-0.0023134,-0.0041064,1.6625,0.049156,0.11407
0.00030199,-0.0023108,-0.0041096,1.6625,0.049218,0.11419
0.0003024,-0.0023083,-0.0041128,1.6625,0.049279,0.11431
0.00030281,-0.0023057,-0.004116,1.6625,0.049341,0.11443
0.00030322,-0.0023031,-0.0041192,1.6625,0.049403,0.11455
0.00030363,-0.0023006,-0.0041224,1.6625,0.049464,0.11467
0.00030405,-0.002298,-0.0041256,1.6625,0.049526,0.11478
0.00030446,-0.0022955,-0.0041288,1.6625,0.049588,0.1149
0.00030487,-0.0022929,-0.0041319,1.6625,0.04965,0.11502
0.00030529,-0.0022903,-0.0041351,1.6625,0.049713,0.11514
0.0003057,-0.0022878,-0.0041383,1.6625,0.049775,0.11526
0.00030611,-0.0022852,-0.0041415,1.6625,0.049837,0.11538
0.00030653,-0.0022826,-0.0041447,1.6625,0.0499,0.1155
0.00030694,-0.0022801,-0.0041479,1.6625,0.049962,0.11561
0.00030735,-0.0022775,-0.004151,1.6625,0.050025,0.11573
0.00030777,-0.0022749,-0.0041542,1.6625,0.050087,0.11585
0.00030818,-0.0022724,-0.0041574,1.6625,0.05015,0.11597
0.0003086,-0.0022698,-0.0041605,1.6625,0.050213,0.11609
0.00030901,-0.0022672,-0.0041637,1.6625,0.050276,0.11621
0.00030943,-0.0022647,-0.0041669,1.6625,0.050339,0.11632
0.00030984,-0.0022621,-0.00417,1.6625,0.050402,0.11644
0.00031026,-0.0022595,-0.0041732,1.6625,0.050466,0.11656
0.00031067,-0.002257,-0.0041763,1.6625,0.050529,0.11668
0.00031109,-0.0022544,-0.0041795,1.6625,0.050592,0.1168
0.0003115,-0.0022518,-0.0041827,1.6625,0.050656,0.11692
0.00031192,-0.0022492,-0.0041858,1.6625,0.05072,0.11704
0.00031233,-0.0022467,-0.0041889,1.6625,0.050783,0.11715
0.00031275,-0.0022441,-0.0041921,1.6625,0.050847,0.11727
0.00031317,-0.0022415,-0.0041952,1.6625,0.050911,0.11739
0.00031358,-0.0022389,-0.0041984,1.6625,0.050975,0.11751
0.000314,-0.0022364,-0.0042015,1.6625,0.051039,0.11763
0.00031442,-0.0022338,-0.0042046,1.6625,0.051104,0.11774
0.00031484,-0.0022312,-0.0042078,1.6625,0.051168,0.11786
0.00031525,-0.0022287,-0.0042109,1.6625,0.051232,0.11798
